title,score,sequence,identity,is_predicted,is_for_tree,name
"gi|2671790432|gb|PP199098.1| Argopecten irradians clone evm.model.228.124 spatiotemporal phototransduction pathway protein gene, complete cds",267.0,CTGGTGGTATTGTTTAAGCAGGTGATGCATCTGTTCTACTTCTTCACTGACTAGCGTTTTCACAAAGAATTTCTTATCCTGAGACATCAACATCCTAGCCCCACTCCTGCCGGGGGAGTCTACATCCAATGCCTGCTTAGTTAAGGAGTTC,0.9536423841059603,False,1,PP199098.1| Argopecten irradians
"gi|50874046|emb|AJ578646.1| Elaeis guineensis microsatellite DNA, clone mEgCIR3316",148.0,AGAGAATCACTAGTGAATTCGCGGCCGCCTGCAGGTCGACCATATGGGAGAGCTCCCAACGCGTTGGATGCATA,1.0,False,1,AJ578646.1| Elaeis guineensis
"gi|17148520|emb|AJ420885.1| Entandrophragma cylindricum microsatellite DNA, clone pEcCIR12",148.0,AGAGAATCACTAGTGAATTCGCGGCCGCCTGCAGGTCGACCATATGGGAGAGCTCCCAACGCGTTGGATGCATA,1.0,False,1,AJ420885.1| Entandrophragma cylindricum
"gi|63024995|emb|AJ888986.2| Cocos nucifera microsatellite DNA, clone CnCir A12",148.0,AGAGAATCACTAGTGAATTCGCGGCCGCCTGCAGGTCGACCATATGGGAGAGCTCCCAACGCGTTGGATGCATA,1.0,False,1,AJ888986.2| Cocos nucifera
"gi|17148529|emb|AJ420894.1| Entandrophragma cylindricum microsatellite DNA, clone pEcCIR271",148.0,AGAGAATCACTAGTGAATTCGCGGCCGCCTGCAGGTCGACCATATGGGAGAGCTCCCAACGCGTTGGATGCATA,1.0,False,1,AJ420894.1| Entandrophragma cylindricum
"gi|17148528|emb|AJ420893.1| Entandrophragma cylindricum microsatellite DNA, clone pEcCIR247",148.0,AGAGAATCACTAGTGAATTCGCGGCCGCCTGCAGGTCGACCATATGGGAGAGCTCCCAACGCGTTGGATGCATA,1.0,False,1,AJ420893.1| Entandrophragma cylindricum
"gi|12053787|emb|AJ271637.1| Elaeis guineensis microsatellite DNA, clone mEgCIR0219",148.0,AGAGAATCACTAGTGAATTCGCGGCCGCCTGCAGGTCGACCATATGGGAGAGCTCCCAACGCGTTGGATGCATA,1.0,False,1,AJ271637.1| Elaeis guineensis
"gi|1110844219|gb|KY120517.1| Homo sapiens clone 1.1 LINE, complete sequence",145.0,TAGATAATCACTAGTGAATTCGCGGCCGCCTGCAGGTCGACCATATGGGAGAGCTCCCAACGCGTTGGATGCATA,0.9866666666666667,False,1,KY120517.1| Homo sapiens
"gi|1110844396|gb|KY120694.1| Homo sapiens clone 14.7 LINE, complete sequence",145.0,TAGACAATCACTAGTGAATTCGCGGCCGCCTGCAGGTCGACCATATGGGAGAGCTCCCAACGCGTTGGATGCATA,0.9866666666666667,False,1,KY120694.1| Homo sapiens
"gi|1110844262|gb|KY120560.1| Homo sapiens clone 5.14 LINE, complete sequence",145.0,TAGATAATCACTAGTGAATTCGCGGCCGCCTGCAGGTCGACCATATGGGAGAGCTCCCAACGCGTTGGATGCATA,0.9866666666666667,False,1,KY120560.1| Homo sapiens
"gi|1110844406|gb|KY120704.1| Homo sapiens clone 14.17 LINE, complete sequence",145.0,TAGATAATCACTAGTGAATTCGCGGCCGCCTGCAGGTCGACCATATGGGAGAGCTCCCAACGCGTTGGATGCATA,0.9866666666666667,False,1,KY120704.1| Homo sapiens
"gi|1110844379|gb|KY120677.1| Homo sapiens clone 13.7 LINE, complete sequence",145.0,TAGAAAATCACTAGTGAATTCGCGGCCGCCTGCAGGTCGACCATATGGGAGAGCTCCCAACGCGTTGGATGCATA,0.9866666666666667,False,1,KY120677.1| Homo sapiens
"gi|1110844299|gb|KY120597.1| Homo sapiens clone 7.18 LINE, complete sequence",145.0,TAGATAATCACTAGTGAATTCGCGGCCGCCTGCAGGTCGACCATATGGGAGAGCTCCCAACGCGTTGGATGCATA,0.9866666666666667,False,1,KY120597.1| Homo sapiens
"gi|1110844286|gb|KY120584.1| Homo sapiens clone 6.19 LINE, complete sequence",145.0,TATAGAATCACTAGTGAATTCGCGGCCGCCTGCAGGTCGACCATATGGGAGAGCTCCCAACGCGTTGGATGCATA,0.9866666666666667,False,1,KY120584.1| Homo sapiens
"gi|1110844234|gb|KY120532.1| Homo sapiens clone 4.3 LINE, complete sequence",145.0,TAGATAATCACTAGTGAATTCGCGGCCGCCTGCAGGTCGACCATATGGGAGAGCTCCCAACGCGTTGGATGCATA,0.9866666666666667,False,1,KY120532.1| Homo sapiens
"gi|333778416|dbj|AB568453.2| Uncultured Thelephoraceae genes for 18S rRNA, ITS1, 5.8S rRNA, partial and complete sequence, T#2",144.0,AGAATCACTAGTGAATTCGCGGCCGCCTGCAGGTCGACCATATGGGAGAGCTCCCAACGCGTTGGATGCATA,1.0,False,1,AB568453.2| Uncultured Thelephoraceae
gi|869829624|emb|LN868678.1| Coffea canephora mRNA for transcription factor (WOX4 gene),144.0,AGAATCACTAGTGAATTCGCGGCCGCCTGCAGGTCGACCATATGGGAGAGCTCCCAACGCGTTGGATGCATA,1.0,False,1,LN868678.1| Coffea canephora
"gi|50873957|emb|AJ578557.1| Elaeis guineensis microsatellite DNA, clone mEgCIR0844",144.0,AGAATCACTAGTGAATTCGCGGCCGCCTGCAGGTCGACCATATGGGAGAGCTCCCAACGCGTTGGATGCATA,1.0,False,1,AJ578557.1| Elaeis guineensis
gi|47600836|emb|AJ715983.1| Equus caballus mRNA for solute carrier family 2 (slc2A2 gene),144.0,AGAATCACTAGTGAATTCGCGGCCGCCTGCAGGTCGACCATATGGGAGAGCTCCCAACGCGTTGGATGCATA,1.0,False,1,AJ715983.1| Equus caballus
"gi|62953178|emb|AJ878618.1| Uncultured bacterium partial 16S rRNA gene, clone 6",144.0,AGAATCACTAGTGAATTCGCGGCCGCCTGCAGGTCGACCATATGGGAGAGCTCCCAACGCGTTGGATGCATA,1.0,False,1,AJ878618.1| Uncultured bacterium
"gi|664632026|emb|LK936194.1| Uncultured bacterium partial 16S rRNA gene, clone RTB/020",144.0,AGAATCACTAGTGAATTCGCGGCCGCCTGCAGGTCGACCATATGGGAGAGCTCCCAACGCGTTGGATGCATA,1.0,False,1,LK936194.1| Uncultured bacterium
"gi|333774853|emb|FR822395.1| Rhodotorula sp. CH4 partial 18S rRNA gene, strain CH4, isolate 1",144.0,AGAATCACTAGTGAATTCGCGGCCGCCTGCAGGTCGACCATATGGGAGAGCTCCCAACGCGTTGGATGCATA,1.0,False,1,FR822395.1| Rhodotorula sp.
"gi|21213881|emb|AJ458311.1| Cocos nucifera microsatellite DNA, clone CnCirB6",144.0,AGAGAATCACTAGTGAATTCGCGGCCGNCTGCAGGTCGACCATATGGGAGAGCTCCCAACGCGTTGGATGCATA,0.9864864864864865,False,1,AJ458311.1| Cocos nucifera
"gi|333774854|emb|FR822396.1| Aspergillus sp. sp6 partial 18S rRNA gene, strain sp6, isolate 2",144.0,AGAATCACTAGTGAATTCGCGGCCGCCTGCAGGTCGACCATATGGGAGAGCTCCCAACGCGTTGGATGCATA,1.0,False,1,FR822396.1| Aspergillus sp.
"gi|17148527|emb|AJ420892.1| Entandrophragma cylindricum microsatellite DNA, clone pEcCIR244",144.0,AGANAATCACTAGTGAATTCGCGGCCGCCTGCAGGTCGACCATATGGGAGAGCTCCCAACGCGTTGGATGCATA,0.9864864864864865,False,1,AJ420892.1| Entandrophragma cylindricum
"gi|1110844418|gb|KY120716.1| Homo sapiens clone Kerat_13 LINE, complete sequence",144.0,AGAATCACTAGTGAATTCGCGGCCGCCTGCAGGTCGACCATATGGGAGAGCTCCCAACGCGTTGGATGCATA,1.0,False,1,KY120716.1| Homo sapiens
gi|48374108|emb|AJ566903.1| Spodoptera frugiperda mRNA for allatotropin neuropeptide precursor (AT2 gene),144.0,AGAATCACTAGTGAATTCGCGGCCGCCTGCAGGTCGACCATATGGGAGAGCTCCCAACGCGTTGGATGCATA,1.0,False,1,AJ566903.1| Spodoptera frugiperda
"gi|1110844337|gb|KY120635.1| Homo sapiens clone 10.3 LINE, complete sequence",143.0,TAGATGAATCACTAGTGAATTCGCGGCCGCCTGCAGGTCGACCATATGGGAGAGCTCCCAACGCGTTGGATGCATA,0.9868421052631579,False,1,KY120635.1| Homo sapiens
"gi|1110844249|gb|KY120547.1| Homo sapiens clone 5.1 LINE, complete sequence",143.0,TAGAGAAATCACTAGTGAATTCGCGGCCGCCTGCAGGTCGACCATATGGGAGAGCTCCCAACGCGTTGGATGCATA,0.9868421052631579,False,1,KY120547.1| Homo sapiens
"gi|1110844361|gb|KY120659.1| Homo sapiens clone 11.9 LINE, complete sequence",143.0,TAGAGAAATCACTAGTGAATTCGCGGCCGCCTGCAGGTCGACCATATGGGAGAGCTCCCAACGCGTTGGATGCATA,0.9868421052631579,False,1,KY120659.1| Homo sapiens
"gi|1110844390|gb|KY120688.1| Homo sapiens clone 13.20 LINE, complete sequence",143.0,TAGAGAAATCACTAGTGAATTCGCGGCCGCCTGCAGGTCGACCATATGGGAGAGCTCCCAACGCGTTGGATGCATA,0.9868421052631579,False,1,KY120688.1| Homo sapiens
"gi|1110844421|gb|KY120719.1| Synthetic construct clone N1 LINE, complete sequence",143.0,TAGAGAAATCACTAGTGAATTCGCGGCCGCCTGCAGGTCGACCATATGGGAGAGCTCCCAACGCGTTGGATGCATA,0.9868421052631579,False,1,KY120719.1| Synthetic construct
"gi|1110844328|gb|KY120626.1| Homo sapiens clone 9.10 LINE, complete sequence",143.0,TAGACGAATCACTAGTGAATTCGCGGCCGCCTGCAGGTCGACCATATGGGAGAGCTCCCAACGCGTTGGATGCATA,0.9868421052631579,False,1,KY120626.1| Homo sapiens
"gi|1110844250|gb|KY120548.1| Homo sapiens clone 5.2 LINE, complete sequence",143.0,TAGAGAAATCACTAGTGAATTCGCGGCCGCCTGCAGGTCGACCATATGGGAGAGCTCCCAACGCGTTGGATGCATA,0.9868421052631579,False,1,KY120548.1| Homo sapiens
"gi|1110844227|gb|KY120525.1| Homo sapiens clone 1.9 LINE, complete sequence",143.0,TAGATGAATCACTAGTGAATTCGCGGCCGCCTGCAGGTCGACCATATGGGAGAGCTCCCAACGCGTTGGATGCATA,0.9868421052631579,False,1,KY120525.1| Homo sapiens
"gi|1110844285|gb|KY120583.1| Homo sapiens clone 6.18 LINE, complete sequence",143.0,TAGATGAATCACTAGTGAATTCGCGGCCGCCTGCAGGTCGACCATATGGGAGAGCTCCCAACGCGTTGGATGCATA,0.9868421052631579,False,1,KY120583.1| Homo sapiens
"gi|1110844403|gb|KY120701.1| Homo sapiens clone 14.14 LINE, complete sequence",143.0,TAGAGAAATCACTAGTGAATTCGCGGCCGCCTGCAGGTCGACCATATGGGAGAGCTCCCAACGCGTTGGATGCATA,0.9868421052631579,False,1,KY120701.1| Homo sapiens
"gi|1110844274|gb|KY120572.1| Homo sapiens clone 6.6 LINE, complete sequence",143.0,TAGAGCAATCACTAGTGAATTCGCGGCCGCCTGCAGGTCGACCATATGGGAGAGCTCCCAACGCGTTGGATGCATA,0.9868421052631579,False,1,KY120572.1| Homo sapiens
"gi|1110844343|gb|KY120641.1| Homo sapiens clone 10.10 LINE, complete sequence",143.0,TAGAGAAATCACTAGTGAATTCGCGGCCGCCTGCAGGTCGACCATATGGGAGAGCTCCCAACGCGTTGGATGCATA,0.9868421052631579,False,1,KY120641.1| Homo sapiens
"gi|1110844350|gb|KY120648.1| Homo sapiens clone 10.18 LINE, complete sequence",143.0,TAGAGAAATCACTAGTGAATTCGCGGCCGCCTGCAGGTCGACCATATGGGAGAGCTCCCAACGCGTTGGATGCATA,0.9868421052631579,False,1,KY120648.1| Homo sapiens
gi|259048771|emb|FN552482.1| Pennisetum glaucum AFLP fragment RQVTKKA2-4,142.0,GAATCACTAGTGAATTCGCGGCCGCCTGCAGGTCGACCATATGGGAGAGCTCCCAACGCGTTGGATGCATA,1.0,False,1,FN552482.1| Pennisetum glaucum
"gi|375493094|emb|HE647136.1| Uncultured bacterium partial 16S rRNA gene, clone 1-L01-10m-0.8microm-B5",142.0,GAATCACTAGTGAATTCGCGGCCGCCTGCAGGTCGACCATATGGGAGAGCTCCCAACGCGTTGGATGCATA,1.0,False,1,HE647136.1| Uncultured bacterium
"gi|375493100|emb|HE647142.1| Uncultured bacterium partial 16S rRNA gene, clone 1-Ocean-10m-0.22microm-B66",142.0,GAATCACTAGTGAATTCGCGGCCGCCTGCAGGTCGACCATATGGGAGAGCTCCCAACGCGTTGGATGCATA,1.0,False,1,HE647142.1| Uncultured bacterium
gi|259048780|emb|FN552491.1| Pennisetum glaucum AFLP fragment RQVTKKA2-13,142.0,GAATCACTAGTGAATTCGCGGCCGCCTGCAGGTCGACCATATGGGAGAGCTCCCAACGCGTTGGATGCATA,1.0,False,1,FN552491.1| Pennisetum glaucum
"gi|238953208|emb|FM252847.1| Uncultured alpha proteobacterium partial 16S rRNA gene, clone NL2BD-02-C05",142.0,GAATCACTAGTGAATTCGCGGCCGCCTGCAGGTCGACCATATGGGAGAGCTCCCAACGCGTTGGATGCATA,1.0,False,1,FM252847.1| Uncultured alpha
"gi|254938444|emb|FN391144.1| Uncultured planctomycete partial 16S rRNA gene, clone AMX-S05-8",142.0,GAATCACTAGTGAATTCGCGGCCGCCTGCAGGTCGACCATATGGGAGAGCTCCCAACGCGTTGGATGCATA,1.0,False,1,FN391144.1| Uncultured planctomycete
gi|259048774|emb|FN552485.1| Pennisetum glaucum AFLP fragment RQVTKKA2-7,142.0,GAATCACTAGTGAATTCGCGGCCGCCTGCAGGTCGACCATATGGGAGAGCTCCCAACGCGTTGGATGCATA,1.0,False,1,FN552485.1| Pennisetum glaucum
"gi|565410736|dbj|AB822947.1| Uncultured Lactobacillus sp. gene for 16S rRNA, partial sequence, clone: CB1_5",142.0,GAATCACTAGTGAATTCGCGGCCGCCTGCAGGTCGACCATATGGGAGAGCTCCCAACGCGTTGGATGCATA,1.0,False,1,AB822947.1| Uncultured Lactobacillus
"gi|1110844345|gb|KY120643.1| Homo sapiens clone 10.13 LINE, complete sequence",142.0,ATCGAGA-AATCACTAGTGAATTCGCGGCCGCCTGCAGGTCGACCATATGGGAGAGCTCCCAACGCGTTGGATGCATA,0.9743589743589743,False,1,KY120643.1| Homo sapiens
"gi|672234593|gb|KJ796490.1| Cloning vector U6p-gRNA1, complete sequence",142.0,GAATCACTAGTGAATTCGCGGCCGCCTGCAGGTCGACCATATGGGAGAGCTCCCAACGCGTTGGATGCATA,1.0,False,1,KJ796490.1| Cloning vector
"gi|491103159|emb|HE962389.1| Salvia spp. mixed genomic library Suppression Subtractive Hybridization fragment, clone P4",142.0,GAATCACTAGTGAATTCGCGGCCGCCTGCAGGTCGACCATATGGGAGAGCTCCCAACGCGTTGGATGCATA,1.0,False,1,HE962389.1| Salvia spp.
"gi|238955379|emb|FM253043.1| Uncultured actinobacterium partial 16S rRNA gene, clone NL10BD-01-A08",142.0,GAATCACTAGTGAATTCGCGGCCGCCTGCAGGTCGACCATATGGGAGAGCTCCCAACGCGTTGGATGCATA,1.0,False,1,FM253043.1| Uncultured actinobacterium
"gi|375493096|emb|HE647138.1| Uncultured bacterium partial 16S rRNA gene, clone 1-L03-10m-0.8microm-B9",142.0,GAATCACTAGTGAATTCGCGGCCGCCTGCAGGTCGACCATATGGGAGAGCTCCCAACGCGTTGGATGCATA,1.0,False,1,HE647138.1| Uncultured bacterium
"gi|375493102|emb|HE647144.1| Uncultured bacterium partial 16S rRNA gene, clone 3-L01-20m-0.8microm-B202",142.0,GAATCACTAGTGAATTCGCGGCCGCCTGCAGGTCGACCATATGGGAGAGCTCCCAACGCGTTGGATGCATA,1.0,False,1,HE647144.1| Uncultured bacterium
"gi|262225578|emb|FN562053.1| Uncultured Ascomycota genomic DNA containing 18S rRNA gene (partial), ITS1, 5.8S rRNA gene and ITS2 (partial) gene region, isolate DGGE gel BAND 28",142.0,GAATCACTAGTGAATTCGCGGCCGCCTGCAGGTCGACCATATGGGAGAGCTCCCAACGCGTTGGATGCATA,1.0,False,1,FN562053.1| Uncultured Ascomycota
"gi|375493105|emb|HE647147.1| Uncultured bacterium partial 16S rRNA gene, clone 3-Ocean-10m-0.8microm-B214",142.0,GAATCACTAGTGAATTCGCGGCCGCCTGCAGGTCGACCATATGGGAGAGCTCCCAACGCGTTGGATGCATA,1.0,False,1,HE647147.1| Uncultured bacterium
gi|426263589|emb|HE802228.1| Camellia sinensis var. assamica microsatellite DNA locus Csin33,142.0,GAATCACTAGTGAATTCGCGGCCGCCTGCAGGTCGACCATATGGGAGAGCTCCCAACGCGTTGGATGCATA,1.0,False,1,HE802228.1| Camellia sinensis
gi|733578905|emb|LN713468.1| Lithodes maja partial mRNA for putative heat shock protein isoform a (hsp70a gene),142.0,GAATCACTAGTGAATTCGCGGCCGCCTGCAGGTCGACCATATGGGAGAGCTCCCAACGCGTTGGATGCATA,1.0,False,1,LN713468.1| Lithodes maja
"gi|291482227|emb|FN666225.1| Uncultured Pseudomonas sp. partial 16S rRNA gene, clone P16RS70",142.0,GAATCACTAGTGAATTCGCGGCCGCCTGCAGGTCGACCATATGGGAGAGCTCCCAACGCGTTGGATGCATA,1.0,False,1,FN666225.1| Uncultured Pseudomonas
gi|733578907|emb|LN713469.1| Lithodes maja partial mRNA for putative heat shcok protein isoform b (hsp70b gene),142.0,GAATCACTAGTGAATTCGCGGCCGCCTGCAGGTCGACCATATGGGAGAGCTCCCAACGCGTTGGATGCATA,1.0,False,1,LN713469.1| Lithodes maja
"gi|375493099|emb|HE647141.1| Uncultured bacterium partial 16S rRNA gene, clone 1-Ocean-0m-0.22microm-B65",142.0,GAATCACTAGTGAATTCGCGGCCGCCTGCAGGTCGACCATATGGGAGAGCTCCCAACGCGTTGGATGCATA,1.0,False,1,HE647141.1| Uncultured bacterium
"gi|1110844426|gb|KY120724.1| Synthetic construct clone N6 LINE, complete sequence",142.0,GAATCACTAGTGAATTCGCGGCCGCCTGCAGGTCGACCATATGGGAGAGCTCCCAACGCGTTGGATGCATA,1.0,False,1,KY120724.1| Synthetic construct
"gi|375493104|emb|HE647146.1| Uncultured bacterium partial 16S rRNA gene, clone 3-L09-20m-0.8microm-B210",142.0,GAATCACTAGTGAATTCGCGGCCGCCTGCAGGTCGACCATATGGGAGAGCTCCCAACGCGTTGGATGCATA,1.0,False,1,HE647146.1| Uncultured bacterium
"gi|1110844428|gb|KY120726.1| Synthetic construct clone N8 LINE, complete sequence",142.0,GAATCACTAGTGAATTCGCGGCCGCCTGCAGGTCGACCATATGGGAGAGCTCCCAACGCGTTGGATGCATA,1.0,False,1,KY120726.1| Synthetic construct
